# PKHeX form -> Pokémon Showdown sprite stem and icon. Generated; do not edit.
# Sprites: Pokémon Showdown / Smogon, used with permission for free, open-source software.
# key	stem	flags(1 front, 2 shiny front)	icon
1-0	bulbasaur	3	1
2-0	ivysaur	3	2
3-0	venusaur	3	3
3-1	venusaur-mega	3	1320
4-0	charmander	3	4
5-0	charmeleon	3	5
6-0	charizard	3	6
6-1	charizard-megax	3	1321
6-2	charizard-megay	3	1322
7-0	squirtle	3	7
8-0	wartortle	3	8
9-0	blastoise	3	9
9-1	blastoise-mega	3	1323
10-0	caterpie	3	10
11-0	metapod	3	11
12-0	butterfree	3	12
13-0	weedle	3	13
14-0	kakuna	3	14
15-0	beedrill	3	15
15-1	beedrill-mega	3	1324
16-0	pidgey	3	16
17-0	pidgeotto	3	17
18-0	pidgeot	3	18
18-1	pidgeot-mega	3	1325
19-0	rattata	3	19
19-1	rattata-alola	3	1151
20-0	raticate	3	20
20-1	raticate-alola	3	1152
20-2	raticate-alola	3	1152
21-0	spearow	3	21
22-0	fearow	3	22
23-0	ekans	3	23
24-0	arbok	3	24
25-0	pikachu	3	25
25-1	pikachu-original	3	1185
25-2	pikachu-hoenn	3	1186
25-3	pikachu-sinnoh	3	1187
25-4	pikachu-unova	3	1188
25-5	pikachu-kalos	3	1189
25-6	pikachu-alola	3	1190
25-7	pikachu-partner	3	1191
25-8	pikachu-starter	3	1196
25-9	pikachu-world	3	1231
26-0	raichu	3	26
26-1	raichu-alola	3	1153
26-2	raichu-megax	0	1430
26-3	raichu-megay	0	1431
27-0	sandshrew	3	27
27-1	sandshrew-alola	3	1154
28-0	sandslash	3	28
28-1	sandslash-alola	3	1155
29-0	nidoranf	3	29
30-0	nidorina	3	30
31-0	nidoqueen	3	31
32-0	nidoranm	3	32
33-0	nidorino	3	33
34-0	nidoking	3	34
35-0	clefairy	3	35
36-0	clefable	3	36
36-1	clefable-mega	3	1404
37-0	vulpix	3	37
37-1	vulpix-alola	3	1156
38-0	ninetales	3	38
38-1	ninetales-alola	3	1157
39-0	jigglypuff	3	39
40-0	wigglytuff	3	40
41-0	zubat	3	41
42-0	golbat	3	42
43-0	oddish	3	43
44-0	gloom	3	44
45-0	vileplume	3	45
46-0	paras	3	46
47-0	parasect	3	47
48-0	venonat	3	48
49-0	venomoth	3	49
50-0	diglett	3	50
50-1	diglett-alola	3	1158
51-0	dugtrio	3	51
51-1	dugtrio-alola	3	1159
52-0	meowth	3	52
52-1	meowth-alola	3	1160
52-2	meowth-galar	3	1198
53-0	persian	3	53
53-1	persian-alola	3	1161
54-0	psyduck	3	54
55-0	golduck	3	55
56-0	mankey	3	56
57-0	primeape	3	57
58-0	growlithe	3	58
58-1	growlithe-hisui	3	1238
59-0	arcanine	3	59
59-1	arcanine-hisui	3	1239
59-2	arcanine-hisui	3	1239
60-0	poliwag	3	60
61-0	poliwhirl	3	61
62-0	poliwrath	3	62
63-0	abra	3	63
64-0	kadabra	3	64
65-0	alakazam	3	65
65-1	alakazam-mega	3	1326
66-0	machop	3	66
67-0	machoke	3	67
68-0	machamp	3	68
69-0	bellsprout	3	69
70-0	weepinbell	3	70
71-0	victreebel	3	71
71-1	victreebel-mega	3	1405
72-0	tentacool	3	72
73-0	tentacruel	3	73
74-0	geodude	3	74
74-1	geodude-alola	3	1162
75-0	graveler	3	75
75-1	graveler-alola	3	1163
76-0	golem	3	76
76-1	golem-alola	3	1164
77-0	ponyta	3	77
77-1	ponyta-galar	3	1199
78-0	rapidash	3	78
78-1	rapidash-galar	3	1200
79-0	slowpoke	3	79
79-1	slowpoke-galar	3	1228
80-0	slowbro	3	80
80-1	slowbro-mega	3	1327
80-2	slowbro-galar	3	1229
81-0	magnemite	3	81
82-0	magneton	3	82
83-0	farfetchd	3	83
83-1	farfetchd-galar	3	1201
84-0	doduo	3	84
85-0	dodrio	3	85
86-0	seel	3	86
87-0	dewgong	3	87
88-0	grimer	3	88
88-1	grimer-alola	3	1165
89-0	muk	3	89
89-1	muk-alola	3	1166
90-0	shellder	3	90
91-0	cloyster	3	91
92-0	gastly	3	92
93-0	haunter	3	93
94-0	gengar	3	94
94-1	gengar-mega	3	1328
95-0	onix	3	95
96-0	drowzee	3	96
97-0	hypno	3	97
98-0	krabby	3	98
99-0	kingler	3	99
100-0	voltorb	3	100
100-1	voltorb-hisui	3	1240
101-0	electrode	3	101
101-1	electrode-hisui	3	1241
101-2	electrode-hisui	3	1241
102-0	exeggcute	3	102
103-0	exeggutor	3	103
103-1	exeggutor-alola	3	1167
104-0	cubone	3	104
105-0	marowak	3	105
105-1	marowak-alola	3	1168
105-2	marowak-alola	3	1168
106-0	hitmonlee	3	106
107-0	hitmonchan	3	107
108-0	lickitung	3	108
109-0	koffing	3	109
110-0	weezing	3	110
110-1	weezing-galar	3	1202
111-0	rhyhorn	3	111
112-0	rhydon	3	112
113-0	chansey	3	113
114-0	tangela	3	114
115-0	kangaskhan	3	115
115-1	kangaskhan-mega	3	1329
116-0	horsea	3	116
117-0	seadra	3	117
118-0	goldeen	3	118
119-0	seaking	3	119
120-0	staryu	3	120
121-0	starmie	3	121
121-1	starmie-mega	3	1406
122-0	mrmime	3	122
122-1	mrmime-galar	3	1203
123-0	scyther	3	123
124-0	jynx	3	124
125-0	electabuzz	3	125
126-0	magmar	3	126
127-0	pinsir	3	127
127-1	pinsir-mega	3	1330
128-0	tauros	3	128
128-1	tauros-paldeacombat	3	1256
128-2	tauros-paldeablaze	3	1257
128-3	tauros-paldeaaqua	3	1258
129-0	magikarp	3	129
130-0	gyarados	3	130
130-1	gyarados-mega	3	1331
131-0	lapras	3	131
132-0	ditto	3	132
133-0	eevee	3	133
133-1	eevee-starter	3	1197
134-0	vaporeon	3	134
135-0	jolteon	3	135
136-0	flareon	3	136
137-0	porygon	3	137
138-0	omanyte	3	138
139-0	omastar	3	139
140-0	kabuto	3	140
141-0	kabutops	3	141
142-0	aerodactyl	3	142
142-1	aerodactyl-mega	3	1332
143-0	snorlax	3	143
144-0	articuno	3	144
144-1	articuno-galar	3	1232
145-0	zapdos	3	145
145-1	zapdos-galar	3	1233
146-0	moltres	3	146
146-1	moltres-galar	3	1234
147-0	dratini	3	147
148-0	dragonair	3	148
149-0	dragonite	3	149
149-1	dragonite-mega	3	1407
150-0	mewtwo	3	150
150-1	mewtwo-megax	3	1333
150-2	mewtwo-megay	3	1334
151-0	mew	3	151
152-0	chikorita	3	152
153-0	bayleef	3	153
154-0	meganium	3	154
154-1	meganium-mega	3	1408
155-0	cyndaquil	3	155
156-0	quilava	3	156
157-0	typhlosion	3	157
157-1	typhlosion-hisui	3	1242
158-0	totodile	3	158
159-0	croconaw	3	159
160-0	feraligatr	3	160
160-1	feraligatr-mega	3	1409
161-0	sentret	3	161
162-0	furret	3	162
163-0	hoothoot	3	163
164-0	noctowl	3	164
165-0	ledyba	3	165
166-0	ledian	3	166
167-0	spinarak	3	167
168-0	ariados	3	168
169-0	crobat	3	169
170-0	chinchou	3	170
171-0	lanturn	3	171
172-0	pichu	3	172
173-0	cleffa	3	173
174-0	igglybuff	3	174
175-0	togepi	3	175
176-0	togetic	3	176
177-0	natu	3	177
178-0	xatu	3	178
179-0	mareep	3	179
180-0	flaaffy	3	180
181-0	ampharos	3	181
181-1	ampharos-mega	3	1335
182-0	bellossom	3	182
183-0	marill	3	183
184-0	azumarill	3	184
185-0	sudowoodo	3	185
186-0	politoed	3	186
187-0	hoppip	3	187
188-0	skiploom	3	188
189-0	jumpluff	3	189
190-0	aipom	3	190
191-0	sunkern	3	191
192-0	sunflora	3	192
193-0	yanma	3	193
194-0	wooper	3	194
194-1	wooper-paldea	3	1259
195-0	quagsire	3	195
196-0	espeon	3	196
197-0	umbreon	3	197
198-0	murkrow	3	198
199-0	slowking	3	199
199-1	slowking-galar	3	1235
200-0	misdreavus	3	200
201-0	unown	3	201
201-1	unown-b	3	1042
201-2	unown-c	3	1043
201-3	unown-d	3	1044
201-4	unown-e	3	1045
201-5	unown-f	3	1046
201-6	unown-g	3	1047
201-7	unown-h	3	1048
201-8	unown-i	3	1049
201-9	unown-j	3	1050
201-10	unown-k	3	1051
201-11	unown-l	3	1052
201-12	unown-m	3	1053
201-13	unown-n	3	1054
201-14	unown-o	3	1055
201-15	unown-p	3	1056
201-16	unown-q	3	1057
201-17	unown-r	3	1058
201-18	unown-s	3	1059
201-19	unown-t	3	1060
201-20	unown-u	3	1061
201-21	unown-v	3	1062
201-22	unown-w	3	1063
201-23	unown-x	3	1064
201-24	unown-y	3	1065
201-25	unown-z	3	1066
201-26	unown-exclamation	2	1040
201-27	unown-question	2	1041
202-0	wobbuffet	3	202
203-0	girafarig	3	203
204-0	pineco	3	204
205-0	forretress	3	205
206-0	dunsparce	3	206
207-0	gligar	3	207
208-0	steelix	3	208
208-1	steelix-mega	3	1336
209-0	snubbull	3	209
210-0	granbull	3	210
211-0	qwilfish	3	211
211-1	qwilfish-hisui	3	1243
212-0	scizor	3	212
212-1	scizor-mega	3	1337
213-0	shuckle	3	213
214-0	heracross	3	214
214-1	heracross-mega	3	1338
215-0	sneasel	3	215
215-1	sneasel-hisui	3	1244
216-0	teddiursa	3	216
217-0	ursaring	3	217
218-0	slugma	3	218
219-0	magcargo	3	219
220-0	swinub	3	220
221-0	piloswine	3	221
222-0	corsola	3	222
222-1	corsola-galar	3	1204
223-0	remoraid	3	223
224-0	octillery	3	224
225-0	delibird	3	225
226-0	mantine	3	226
227-0	skarmory	3	227
227-1	skarmory-mega	3	1410
228-0	houndour	3	228
229-0	houndoom	3	229
229-1	houndoom-mega	3	1339
230-0	kingdra	3	230
231-0	phanpy	3	231
232-0	donphan	3	232
233-0	porygon2	3	233
234-0	stantler	3	234
235-0	smeargle	3	235
236-0	tyrogue	3	236
237-0	hitmontop	3	237
238-0	smoochum	3	238
239-0	elekid	3	239
240-0	magby	3	240
241-0	miltank	3	241
242-0	blissey	3	242
243-0	raikou	3	243
244-0	entei	3	244
245-0	suicune	3	245
246-0	larvitar	3	246
247-0	pupitar	3	247
248-0	tyranitar	3	248
248-1	tyranitar-mega	3	1340
249-0	lugia	3	249
250-0	hooh	3	250
251-0	celebi	3	251
252-0	treecko	3	252
253-0	grovyle	3	253
254-0	sceptile	3	254
254-1	sceptile-mega	3	1341
255-0	torchic	3	255
256-0	combusken	3	256
257-0	blaziken	3	257
257-1	blaziken-mega	3	1342
258-0	mudkip	3	258
259-0	marshtomp	3	259
260-0	swampert	3	260
260-1	swampert-mega	3	1343
261-0	poochyena	3	261
262-0	mightyena	3	262
263-0	zigzagoon	3	263
263-1	zigzagoon-galar	3	1205
264-0	linoone	3	264
264-1	linoone-galar	3	1206
265-0	wurmple	3	265
266-0	silcoon	3	266
267-0	beautifly	3	267
268-0	cascoon	3	268
269-0	dustox	3	269
270-0	lotad	3	270
271-0	lombre	3	271
272-0	ludicolo	3	272
273-0	seedot	3	273
274-0	nuzleaf	3	274
275-0	shiftry	3	275
276-0	taillow	3	276
277-0	swellow	3	277
278-0	wingull	3	278
279-0	pelipper	3	279
280-0	ralts	3	280
281-0	kirlia	3	281
282-0	gardevoir	3	282
282-1	gardevoir-mega	3	1344
283-0	surskit	3	283
284-0	masquerain	3	284
285-0	shroomish	3	285
286-0	breloom	3	286
287-0	slakoth	3	287
288-0	vigoroth	3	288
289-0	slaking	3	289
290-0	nincada	3	290
291-0	ninjask	3	291
292-0	shedinja	3	292
293-0	whismur	3	293
294-0	loudred	3	294
295-0	exploud	3	295
296-0	makuhita	3	296
297-0	hariyama	3	297
298-0	azurill	3	298
299-0	nosepass	3	299
300-0	skitty	3	300
301-0	delcatty	3	301
302-0	sableye	3	302
302-1	sableye-mega	3	1345
303-0	mawile	3	303
303-1	mawile-mega	3	1346
304-0	aron	3	304
305-0	lairon	3	305
306-0	aggron	3	306
306-1	aggron-mega	3	1347
307-0	meditite	3	307
308-0	medicham	3	308
308-1	medicham-mega	3	1348
309-0	electrike	3	309
310-0	manectric	3	310
310-1	manectric-mega	3	1349
311-0	plusle	3	311
312-0	minun	3	312
313-0	volbeat	3	313
314-0	illumise	3	314
315-0	roselia	3	315
316-0	gulpin	3	316
317-0	swalot	3	317
318-0	carvanha	3	318
319-0	sharpedo	3	319
319-1	sharpedo-mega	3	1350
320-0	wailmer	3	320
321-0	wailord	3	321
322-0	numel	3	322
323-0	camerupt	3	323
323-1	camerupt-mega	3	1351
324-0	torkoal	3	324
325-0	spoink	3	325
326-0	grumpig	3	326
327-0	spinda	3	327
328-0	trapinch	3	328
329-0	vibrava	3	329
330-0	flygon	3	330
331-0	cacnea	3	331
332-0	cacturne	3	332
333-0	swablu	3	333
334-0	altaria	3	334
334-1	altaria-mega	3	1352
335-0	zangoose	3	335
336-0	seviper	3	336
337-0	lunatone	3	337
338-0	solrock	3	338
339-0	barboach	3	339
340-0	whiscash	3	340
341-0	corphish	3	341
342-0	crawdaunt	3	342
343-0	baltoy	3	343
344-0	claydol	3	344
345-0	lileep	3	345
346-0	cradily	3	346
347-0	anorith	3	347
348-0	armaldo	3	348
349-0	feebas	3	349
350-0	milotic	3	350
351-0	castform	3	351
351-1	castform-sunny	3	1069
351-2	castform-rainy	3	1067
351-3	castform-snowy	3	1068
352-0	kecleon	3	352
353-0	shuppet	3	353
354-0	banette	3	354
354-1	banette-mega	3	1353
355-0	duskull	3	355
356-0	dusclops	3	356
357-0	tropius	3	357
358-0	chimecho	3	358
358-1	chimecho-mega	3	1432
359-0	absol	3	359
359-1	absol-mega	3	1354
359-2	absol-megaz	3	1433
360-0	wynaut	3	360
361-0	snorunt	3	361
362-0	glalie	3	362
362-1	glalie-mega	3	1355
363-0	spheal	3	363
364-0	sealeo	3	364
365-0	walrein	3	365
366-0	clamperl	3	366
367-0	huntail	3	367
368-0	gorebyss	3	368
369-0	relicanth	3	369
370-0	luvdisc	3	370
371-0	bagon	3	371
372-0	shelgon	3	372
373-0	salamence	3	373
373-1	salamence-mega	3	1356
374-0	beldum	3	374
375-0	metang	3	375
376-0	metagross	3	376
376-1	metagross-mega	3	1357
377-0	regirock	3	377
378-0	regice	3	378
379-0	registeel	3	379
380-0	latias	3	380
380-1	latias-mega	3	1358
381-0	latios	3	381
381-1	latios-mega	3	1359
382-0	kyogre	3	382
382-1	kyogre-primal	3	1360
383-0	groudon	3	383
383-1	groudon-primal	3	1361
384-0	rayquaza	3	384
384-1	rayquaza-mega	3	1362
385-0	jirachi	3	385
386-0	deoxys	3	386
386-1	deoxys-attack	3	1070
386-2	deoxys-defense	3	1071
386-3	deoxys-speed	3	1072
387-0	turtwig	3	387
388-0	grotle	3	388
389-0	torterra	3	389
390-0	chimchar	3	390
391-0	monferno	3	391
392-0	infernape	3	392
393-0	piplup	3	393
394-0	prinplup	3	394
395-0	empoleon	3	395
396-0	starly	3	396
397-0	staravia	3	397
398-0	staraptor	3	398
398-1	staraptor-mega	0	1434
399-0	bidoof	3	399
400-0	bibarel	3	400
401-0	kricketot	3	401
402-0	kricketune	3	402
403-0	shinx	3	403
404-0	luxio	3	404
405-0	luxray	3	405
406-0	budew	3	406
407-0	roserade	3	407
408-0	cranidos	3	408
409-0	rampardos	3	409
410-0	shieldon	3	410
411-0	bastiodon	3	411
412-0	burmy	3	412
412-1	burmy-sandy	3	1073
412-2	burmy-trash	3	1074
413-0	wormadam	3	413
413-1	wormadam-sandy	3	1075
413-2	wormadam-trash	3	1076
414-0	mothim	3	414
414-1	mothim	3	414
414-2	mothim	3	414
415-0	combee	3	415
416-0	vespiquen	3	416
417-0	pachirisu	3	417
418-0	buizel	3	418
419-0	floatzel	3	419
420-0	cherubi	3	420
421-0	cherrim	3	421
421-1	cherrim-sunshine	3	1077
422-0	shellos	3	422
422-1	shellos-east	3	1078
423-0	gastrodon	3	423
423-1	gastrodon-east	3	1079
424-0	ambipom	3	424
425-0	drifloon	3	425
426-0	drifblim	3	426
427-0	buneary	3	427
428-0	lopunny	3	428
428-1	lopunny-mega	3	1363
429-0	mismagius	3	429
430-0	honchkrow	3	430
431-0	glameow	3	431
432-0	purugly	3	432
433-0	chingling	3	433
434-0	stunky	3	434
435-0	skuntank	3	435
436-0	bronzor	3	436
437-0	bronzong	3	437
438-0	bonsly	3	438
439-0	mimejr	3	439
440-0	happiny	3	440
441-0	chatot	3	441
442-0	spiritomb	3	442
443-0	gible	3	443
444-0	gabite	3	444
445-0	garchomp	3	445
445-1	garchomp-mega	3	1364
445-2	garchomp-megaz	3	1435
446-0	munchlax	3	446
447-0	riolu	3	447
448-0	lucario	3	448
448-1	lucario-mega	3	1365
448-2	lucario-megaz	3	1436
449-0	hippopotas	3	449
450-0	hippowdon	3	450
451-0	skorupi	3	451
452-0	drapion	3	452
453-0	croagunk	3	453
454-0	toxicroak	3	454
455-0	carnivine	3	455
456-0	finneon	3	456
457-0	lumineon	3	457
458-0	mantyke	3	458
459-0	snover	3	459
460-0	abomasnow	3	460
460-1	abomasnow-mega	3	1366
461-0	weavile	3	461
462-0	magnezone	3	462
463-0	lickilicky	3	463
464-0	rhyperior	3	464
465-0	tangrowth	3	465
466-0	electivire	3	466
467-0	magmortar	3	467
468-0	togekiss	3	468
469-0	yanmega	3	469
470-0	leafeon	3	470
471-0	glaceon	3	471
472-0	gliscor	3	472
473-0	mamoswine	3	473
474-0	porygonz	3	474
475-0	gallade	3	475
475-1	gallade-mega	3	1367
476-0	probopass	3	476
477-0	dusknoir	3	477
478-0	froslass	3	478
478-1	froslass-mega	3	1411
479-0	rotom	3	479
479-1	rotom-heat	3	1082
479-2	rotom-wash	3	1084
479-3	rotom-frost	3	1081
479-4	rotom-fan	3	1080
479-5	rotom-mow	3	1083
480-0	uxie	3	480
481-0	mesprit	3	481
482-0	azelf	3	482
483-0	dialga	3	483
483-1	dialga-origin	3	1269
484-0	palkia	3	484
484-1	palkia-origin	3	1270
485-0	heatran	3	485
485-1	heatran-mega	0	1437
486-0	regigigas	3	486
487-0	giratina	3	487
487-1	giratina-origin	3	1085
488-0	cresselia	3	488
489-0	phione	3	489
490-0	manaphy	3	490
491-0	darkrai	3	491
491-1	darkrai-mega	0	1438
492-0	shaymin	3	492
492-1	shaymin-sky	3	1086
493-0	arceus	3	493
493-1	arceus-fighting	3	1283
493-2	arceus-flying	3	1285
493-3	arceus-poison	3	1290
493-4	arceus-ground	3	1288
493-5	arceus-rock	3	1292
493-6	arceus-bug	3	1278
493-7	arceus-ghost	3	1286
493-8	arceus-steel	3	1293
493-9	arceus-fire	3	1284
493-10	arceus-water	3	1294
493-11	arceus-grass	3	1287
493-12	arceus-electric	3	1281
493-13	arceus-psychic	3	1291
493-14	arceus-ice	3	1289
493-15	arceus-dragon	3	1280
493-16	arceus-dark	3	1279
493-17	arceus-fairy	3	1282
493-18	arceus	3	493
494-0	victini	3	494
495-0	snivy	3	495
496-0	servine	3	496
497-0	serperior	3	497
498-0	tepig	3	498
499-0	pignite	3	499
500-0	emboar	3	500
500-1	emboar-mega	3	1412
501-0	oshawott	3	501
502-0	dewott	3	502
503-0	samurott	3	503
503-1	samurott-hisui	3	1245
504-0	patrat	3	504
505-0	watchog	3	505
506-0	lillipup	3	506
507-0	herdier	3	507
508-0	stoutland	3	508
509-0	purrloin	3	509
510-0	liepard	3	510
511-0	pansage	3	511
512-0	simisage	3	512
513-0	pansear	3	513
514-0	simisear	3	514
515-0	panpour	3	515
516-0	simipour	3	516
517-0	munna	3	517
518-0	musharna	3	518
519-0	pidove	3	519
520-0	tranquill	3	520
521-0	unfezant	3	521
522-0	blitzle	3	522
523-0	zebstrika	3	523
524-0	roggenrola	3	524
525-0	boldore	3	525
526-0	gigalith	3	526
527-0	woobat	3	527
528-0	swoobat	3	528
529-0	drilbur	3	529
530-0	excadrill	3	530
530-1	excadrill-mega	3	1413
531-0	audino	3	531
531-1	audino-mega	3	1368
532-0	timburr	3	532
533-0	gurdurr	3	533
534-0	conkeldurr	3	534
535-0	tympole	3	535
536-0	palpitoad	3	536
537-0	seismitoad	3	537
538-0	throh	3	538
539-0	sawk	3	539
540-0	sewaddle	3	540
541-0	swadloon	3	541
542-0	leavanny	3	542
543-0	venipede	3	543
544-0	whirlipede	3	544
545-0	scolipede	3	545
545-1	scolipede-mega	0	1414
546-0	cottonee	3	546
547-0	whimsicott	3	547
548-0	petilil	3	548
549-0	lilligant	3	549
549-1	lilligant-hisui	3	1246
549-2	lilligant-hisui	3	1246
550-0	basculin	3	550
550-1	basculin-bluestriped	3	1088
550-2	basculin-whitestriped	3	1271
551-0	sandile	3	551
552-0	krokorok	3	552
553-0	krookodile	3	553
554-0	darumaka	3	554
554-1	darumaka-galar	3	1207
555-0	darmanitan	3	555
555-1	darmanitan-zen	3	1089
555-2	darmanitan-galar	3	1208
555-3	darmanitan-galarzen	3	1209
556-0	maractus	3	556
557-0	dwebble	3	557
558-0	crustle	3	558
559-0	scraggy	3	559
560-0	scrafty	3	560
560-1	scrafty-mega	0	1415
561-0	sigilyph	3	561
562-0	yamask	3	562
562-1	yamask-galar	3	1210
563-0	cofagrigus	3	563
564-0	tirtouga	3	564
565-0	carracosta	3	565
566-0	archen	3	566
567-0	archeops	3	567
568-0	trubbish	3	568
569-0	garbodor	3	569
570-0	zorua	3	570
570-1	zorua-hisui	3	1247
571-0	zoroark	3	571
571-1	zoroark-hisui	3	1248
572-0	minccino	3	572
573-0	cinccino	3	573
574-0	gothita	3	574
575-0	gothorita	3	575
576-0	gothitelle	3	576
577-0	solosis	3	577
578-0	duosion	3	578
579-0	reuniclus	3	579
580-0	ducklett	3	580
581-0	swanna	3	581
582-0	vanillite	3	582
583-0	vanillish	3	583
584-0	vanilluxe	3	584
585-0	deerling	3	585
585-1	deerling-summer	3	1091
585-2	deerling-autumn	3	1090
585-3	deerling-winter	3	1092
586-0	sawsbuck	3	586
586-1	sawsbuck-summer	3	1094
586-2	sawsbuck-autumn	3	1093
586-3	sawsbuck-winter	3	1095
587-0	emolga	3	587
588-0	karrablast	3	588
589-0	escavalier	3	589
590-0	foongus	3	590
591-0	amoonguss	3	591
592-0	frillish	3	592
593-0	jellicent	3	593
594-0	alomomola	3	594
595-0	joltik	3	595
596-0	galvantula	3	596
597-0	ferroseed	3	597
598-0	ferrothorn	3	598
599-0	klink	3	599
600-0	klang	3	600
601-0	klinklang	3	601
602-0	tynamo	3	602
603-0	eelektrik	3	603
604-0	eelektross	3	604
604-1	eelektross-mega	0	1416
605-0	elgyem	3	605
606-0	beheeyem	3	606
607-0	litwick	3	607
608-0	lampent	3	608
609-0	chandelure	3	609
609-1	chandelure-mega	3	1417
610-0	axew	3	610
611-0	fraxure	3	611
612-0	haxorus	3	612
613-0	cubchoo	3	613
614-0	beartic	3	614
615-0	cryogonal	3	615
616-0	shelmet	3	616
617-0	accelgor	3	617
618-0	stunfisk	3	618
618-1	stunfisk-galar	3	1211
619-0	mienfoo	3	619
620-0	mienshao	3	620
621-0	druddigon	3	621
622-0	golett	3	622
623-0	golurk	3	623
623-1	golurk-mega	3	1439
624-0	pawniard	3	624
625-0	bisharp	3	625
626-0	bouffalant	3	626
627-0	rufflet	3	627
628-0	braviary	3	628
628-1	braviary-hisui	3	1249
629-0	vullaby	3	629
630-0	mandibuzz	3	630
631-0	heatmor	3	631
632-0	durant	3	632
633-0	deino	3	633
634-0	zweilous	3	634
635-0	hydreigon	3	635
636-0	larvesta	3	636
637-0	volcarona	3	637
638-0	cobalion	3	638
639-0	terrakion	3	639
640-0	virizion	3	640
641-0	tornadus	3	641
641-1	tornadus-therian	3	1098
642-0	thundurus	3	642
642-1	thundurus-therian	3	1099
643-0	reshiram	3	643
644-0	zekrom	3	644
645-0	landorus	3	645
645-1	landorus-therian	3	1100
646-0	kyurem	3	646
646-1	kyurem-white	3	1102
646-2	kyurem-black	3	1101
647-0	keldeo	3	647
647-1	keldeo-resolute	3	1103
648-0	meloetta	3	648
648-1	meloetta-pirouette	3	1104
649-0	genesect	3	649
649-1	genesect-douse	3	1295
649-2	genesect-shock	3	1296
649-3	genesect-burn	3	1297
649-4	genesect-chill	3	1298
650-0	chespin	3	650
651-0	quilladin	3	651
652-0	chesnaught	3	652
652-1	chesnaught-mega	3	1418
653-0	fennekin	3	653
654-0	braixen	3	654
655-0	delphox	3	655
655-1	delphox-mega	3	1419
656-0	froakie	3	656
657-0	frogadier	3	657
658-0	greninja	3	658
658-1	greninja	3	658
658-2	greninja-ash	3	1169
658-3	greninja-mega	3	1420
659-0	bunnelby	3	659
660-0	diggersby	3	660
661-0	fletchling	3	661
662-0	fletchinder	3	662
663-0	talonflame	3	663
664-0	scatterbug	3	664
664-1	scatterbug	3	664
664-2	scatterbug	3	664
664-3	scatterbug	3	664
664-4	scatterbug	3	664
664-5	scatterbug	3	664
664-6	scatterbug	3	664
664-7	scatterbug	3	664
664-8	scatterbug	3	664
664-9	scatterbug	3	664
664-10	scatterbug	3	664
664-11	scatterbug	3	664
664-12	scatterbug	3	664
664-13	scatterbug	3	664
664-14	scatterbug	3	664
664-15	scatterbug	3	664
664-16	scatterbug	3	664
664-17	scatterbug	3	664
664-18	scatterbug	3	664
664-19	scatterbug	3	664
665-0	spewpa	3	665
665-1	spewpa	3	665
665-2	spewpa	3	665
665-3	spewpa	3	665
665-4	spewpa	3	665
665-5	spewpa	3	665
665-6	spewpa	3	665
665-7	spewpa	3	665
665-8	spewpa	3	665
665-9	spewpa	3	665
665-10	spewpa	3	665
665-11	spewpa	3	665
665-12	spewpa	3	665
665-13	spewpa	3	665
665-14	spewpa	3	665
665-15	spewpa	3	665
665-16	spewpa	3	665
665-17	spewpa	3	665
665-18	spewpa	3	665
665-19	spewpa	3	665
666-0	vivillon-icysnow	3	666
666-1	vivillon-polar	3	1118
666-2	vivillon-tundra	3	1123
666-3	vivillon-continental	3	1106
666-4	vivillon-garden	3	1109
666-5	vivillon-elegant	3	1107
666-6	vivillon	3	666
666-7	vivillon-modern	3	1114
666-8	vivillon-marine	3	1113
666-9	vivillon-archipelago	3	1105
666-10	vivillon-highplains	3	1110
666-11	vivillon-sandstorm	3	1120
666-12	vivillon-river	3	1119
666-13	vivillon-monsoon	3	1115
666-14	vivillon-savanna	3	1121
666-15	vivillon-sun	3	1122
666-16	vivillon-ocean	3	1116
666-17	vivillon-jungle	3	1112
666-18	vivillon-fancy	3	1108
666-19	vivillon-pokeball	3	1117
667-0	litleo	3	667
668-0	pyroar	3	668
668-1	pyroar-mega	0	1421
669-0	flabebe	3	669
669-1	flabebe-yellow	3	1128
669-2	flabebe-orange	3	1126
669-3	flabebe-blue	3	1125
669-4	flabebe-white	3	1127
670-0	floette	3	670
670-1	floette-yellow	3	1133
670-2	floette-orange	3	1131
670-3	floette-blue	3	1129
670-4	floette-white	3	1132
670-5	floette-eternal	3	1130
670-6	floette-mega	3	1422
671-0	florges	3	671
671-1	florges-yellow	3	1137
671-2	florges-orange	3	1135
671-3	florges-blue	3	1134
671-4	florges-white	3	1136
672-0	skiddo	3	672
673-0	gogoat	3	673
674-0	pancham	3	674
675-0	pangoro	3	675
676-0	furfrou	3	676
676-1	furfrou-heart	3	1141
676-2	furfrou-star	3	1146
676-3	furfrou-diamond	3	1140
676-4	furfrou-debutante	3	1139
676-5	furfrou-matron	3	1144
676-6	furfrou-dandy	3	1138
676-7	furfrou-lareine	3	1143
676-8	furfrou-kabuki	3	1142
676-9	furfrou-pharaoh	3	1145
677-0	espurr	3	677
678-0	meowstic	3	678
678-1	meowstic-f	3	1147
678-2	meowstic-mmega	3	1440
678-3	meowstic-fmega	3	1440
679-0	honedge	3	679
680-0	doublade	3	680
681-0	aegislash	3	681
681-1	aegislash-blade	3	1148
682-0	spritzee	3	682
683-0	aromatisse	3	683
684-0	swirlix	3	684
685-0	slurpuff	3	685
686-0	inkay	3	686
687-0	malamar	3	687
687-1	malamar-mega	0	1423
688-0	binacle	3	688
689-0	barbaracle	3	689
689-1	barbaracle-mega	0	1424
690-0	skrelp	3	690
691-0	dragalge	3	691
691-1	dragalge-mega	0	1425
692-0	clauncher	3	692
693-0	clawitzer	3	693
694-0	helioptile	3	694
695-0	heliolisk	3	695
696-0	tyrunt	3	696
697-0	tyrantrum	3	697
698-0	amaura	3	698
699-0	aurorus	3	699
700-0	sylveon	3	700
701-0	hawlucha	3	701
701-1	hawlucha-mega	3	1426
702-0	dedenne	3	702
703-0	carbink	3	703
704-0	goomy	3	704
705-0	sliggoo	3	705
705-1	sliggoo-hisui	3	1250
706-0	goodra	3	706
706-1	goodra-hisui	3	1251
707-0	klefki	3	707
708-0	phantump	3	708
709-0	trevenant	3	709
710-0	pumpkaboo	3	710
710-1	pumpkaboo-small	3	710
710-2	pumpkaboo-large	3	710
710-3	pumpkaboo-super	3	710
711-0	gourgeist	3	711
711-1	gourgeist-small	3	711
711-2	gourgeist-large	3	711
711-3	gourgeist-super	3	711
712-0	bergmite	3	712
713-0	avalugg	3	713
713-1	avalugg-hisui	3	1252
713-2	avalugg-hisui	3	1252
714-0	noibat	3	714
715-0	noivern	3	715
716-0	xerneas-neutral	3	716
716-1	xerneas	3	716
717-0	yveltal	3	717
718-0	zygarde	3	718
718-1	zygarde-10	3	1170
718-2	zygarde-10	3	1170
718-3	zygarde	3	718
718-4	zygarde-complete	3	1171
718-5	zygarde-mega	0	1427
719-0	diancie	3	719
719-1	diancie-mega	3	1369
720-0	hoopa	3	720
720-1	hoopa-unbound	3	1150
721-0	volcanion	3	721
722-0	rowlet	3	722
723-0	dartrix	3	723
724-0	decidueye	3	724
724-1	decidueye-hisui	3	1253
725-0	litten	3	725
726-0	torracat	3	726
727-0	incineroar	3	727
728-0	popplio	3	728
729-0	brionne	3	729
730-0	primarina	3	730
731-0	pikipek	3	731
732-0	trumbeak	3	732
733-0	toucannon	3	733
734-0	yungoos	3	734
735-0	gumshoos	3	735
735-1	gumshoos	3	735
736-0	grubbin	3	736
737-0	charjabug	3	737
738-0	vikavolt	3	738
738-1	vikavolt	3	738
739-0	crabrawler	3	739
740-0	crabominable	3	740
740-1	crabominable-mega	3	1441
741-0	oricorio	3	741
741-1	oricorio-pompom	3	1172
741-2	oricorio-pau	3	1173
741-3	oricorio-sensu	3	1174
742-0	cutiefly	3	742
743-0	ribombee	3	743
743-1	ribombee	3	743
744-0	rockruff	3	744
744-1	rockruff	3	744
745-0	lycanroc	3	745
745-1	lycanroc-midnight	3	1175
745-2	lycanroc-dusk	3	1192
746-0	wishiwashi	3	746
746-1	wishiwashi-school	3	1176
747-0	mareanie	3	747
748-0	toxapex	3	748
749-0	mudbray	3	749
750-0	mudsdale	3	750
751-0	dewpider	3	751
752-0	araquanid	3	752
752-1	araquanid	3	752
753-0	fomantis	3	753
754-0	lurantis	3	754
754-1	lurantis	3	754
755-0	morelull	3	755
756-0	shiinotic	3	756
757-0	salandit	3	757
758-0	salazzle	3	758
758-1	salazzle	3	758
759-0	stufful	3	759
760-0	bewear	3	760
761-0	bounsweet	3	761
762-0	steenee	3	762
763-0	tsareena	3	763
764-0	comfey	3	764
765-0	oranguru	3	765
766-0	passimian	3	766
767-0	wimpod	3	767
768-0	golisopod	3	768
768-1	golisopod-mega	3	1442
769-0	sandygast	3	769
770-0	palossand	3	770
771-0	pyukumuku	3	771
772-0	typenull	3	772
773-0	silvally	3	773
773-1	silvally-fighting	3	1304
773-2	silvally-flying	3	1306
773-3	silvally-poison	3	1311
773-4	silvally-ground	3	1309
773-5	silvally-rock	3	1313
773-6	silvally-bug	3	1299
773-7	silvally-ghost	3	1307
773-8	silvally-steel	3	1314
773-9	silvally-fire	3	1305
773-10	silvally-water	3	1315
773-11	silvally-grass	3	1308
773-12	silvally-electric	3	1302
773-13	silvally-psychic	3	1312
773-14	silvally-ice	3	1310
773-15	silvally-dragon	3	1301
773-16	silvally-dark	3	1300
773-17	silvally-fairy	3	1303
774-0	minior-meteor	3	774
774-1	minior-meteor	3	1177
774-2	minior-meteor	3	1177
774-3	minior-meteor	3	1177
774-4	minior-meteor	3	1177
774-5	minior-meteor	3	1177
774-6	minior-meteor	3	1177
774-7	minior	3	774
774-8	minior-orange	3	1178
774-9	minior-yellow	3	1179
774-10	minior-green	3	1180
774-11	minior-blue	3	1181
774-12	minior-indigo	3	1182
774-13	minior-violet	3	1183
775-0	komala	3	775
776-0	turtonator	3	776
777-0	togedemaru	3	777
777-1	togedemaru	3	777
778-0	mimikyu	3	778
778-1	mimikyu-busted	3	778
778-2	mimikyu	3	778
778-3	mimikyu-busted	3	778
779-0	bruxish	3	779
780-0	drampa	3	780
780-1	drampa-mega	3	1428
781-0	dhelmise	3	781
782-0	jangmoo	3	782
783-0	hakamoo	3	783
784-0	kommoo	3	784
784-1	kommoo	3	784
785-0	tapukoko	3	785
786-0	tapulele	3	786
787-0	tapubulu	3	787
788-0	tapufini	3	788
789-0	cosmog	3	789
790-0	cosmoem	3	790
791-0	solgaleo	3	791
792-0	lunala	3	792
793-0	nihilego	3	793
794-0	buzzwole	3	794
795-0	pheromosa	3	795
796-0	xurkitree	3	796
797-0	celesteela	3	797
798-0	kartana	3	798
799-0	guzzlord	3	799
800-0	necrozma	3	800
800-1	necrozma-duskmane	3	1193
800-2	necrozma-dawnwings	3	1194
800-3	necrozma-ultra	3	1195
801-0	magearna	3	801
801-1	magearna-original	3	1184
801-2	magearna-mega	0	1443
801-3	magearna-originalmega	0	1444
802-0	marshadow	3	802
803-0	poipole	3	803
804-0	naganadel	3	804
805-0	stakataka	3	805
806-0	blacephalon	3	806
807-0	zeraora	3	807
807-1	zeraora-mega	0	1445
808-0	meltan	3	808
809-0	melmetal	3	809
810-0	grookey	3	810
811-0	thwackey	3	811
812-0	rillaboom	3	812
813-0	scorbunny	3	813
814-0	raboot	3	814
815-0	cinderace	3	815
816-0	sobble	3	816
817-0	drizzile	3	817
818-0	inteleon	3	818
819-0	skwovet	3	819
820-0	greedent	3	820
821-0	rookidee	3	821
822-0	corvisquire	3	822
823-0	corviknight	3	823
824-0	blipbug	3	824
825-0	dottler	3	825
826-0	orbeetle	3	826
827-0	nickit	3	827
828-0	thievul	3	828
829-0	gossifleur	3	829
830-0	eldegoss	3	830
831-0	wooloo	3	831
832-0	dubwool	3	832
833-0	chewtle	3	833
834-0	drednaw	3	834
835-0	yamper	3	835
836-0	boltund	3	836
837-0	rolycoly	3	837
838-0	carkol	3	838
839-0	coalossal	3	839
840-0	applin	3	840
841-0	flapple	3	841
842-0	appletun	3	842
843-0	silicobra	3	843
844-0	sandaconda	3	844
845-0	cramorant	3	845
845-1	cramorant-gulping	3	1212
845-2	cramorant-gorging	3	1213
846-0	arrokuda	3	846
847-0	barraskewda	3	847
848-0	toxel	3	848
849-0	toxtricity	3	849
849-1	toxtricity-lowkey	3	1214
850-0	sizzlipede	3	850
851-0	centiskorch	3	851
852-0	clobbopus	3	852
853-0	grapploct	3	853
854-0	sinistea	3	854
854-1	sinistea-antique	3	854
855-0	polteageist	3	855
855-1	polteageist-antique	3	855
856-0	hatenna	3	856
857-0	hattrem	3	857
858-0	hatterene	3	858
859-0	impidimp	3	859
860-0	morgrem	3	860
861-0	grimmsnarl	3	861
862-0	obstagoon	3	862
863-0	perrserker	3	863
864-0	cursola	3	864
865-0	sirfetchd	3	865
866-0	mrrime	3	866
867-0	runerigus	3	867
868-0	milcery	3	868
869-0	alcremie	3	869
869-1	alcremie-rubycream	3	1215
869-2	alcremie-matchacream	3	1216
869-3	alcremie-mintcream	3	1217
869-4	alcremie-lemoncream	3	1218
869-5	alcremie-saltedcream	3	1219
869-6	alcremie-rubyswirl	3	1220
869-7	alcremie-caramelswirl	3	1221
869-8	alcremie-rainbowswirl	3	1222
870-0	falinks	3	870
870-1	falinks-mega	0	1429
871-0	pincurchin	3	871
872-0	snom	3	872
873-0	frosmoth	3	873
874-0	stonjourner	3	874
875-0	eiscue	3	875
875-1	eiscue-noice	3	1223
876-0	indeedee	3	876
876-1	indeedee-f	3	1224
877-0	morpeko	3	877
877-1	morpeko-hangry	3	1225
878-0	cufant	3	878
879-0	copperajah	3	879
880-0	dracozolt	3	880
881-0	arctozolt	3	881
882-0	dracovish	3	882
883-0	arctovish	3	883
884-0	duraludon	3	884
885-0	dreepy	3	885
886-0	drakloak	3	886
887-0	dragapult	3	887
888-0	zacian	3	888
888-1	zacian-crowned	3	1226
889-0	zamazenta	3	889
889-1	zamazenta-crowned	3	1227
890-0	eternatus	3	890
890-1	eternatus-eternamax	3	1396
891-0	kubfu	3	891
892-0	urshifu	3	892
892-1	urshifu-rapidstrike	3	892
893-0	zarude	3	893
893-1	zarude-dada	3	1230
894-0	regieleki	3	894
895-0	regidrago	3	895
896-0	glastrier	3	896
897-0	spectrier	3	897
898-0	calyrex	3	898
898-1	calyrex-ice	3	1236
898-2	calyrex-shadow	3	1237
899-0	wyrdeer	3	899
900-0	kleavor	3	900
900-1	kleavor	3	900
901-0	ursaluna	3	901
901-1	ursaluna-bloodmoon	3	1272
902-0	basculegion	3	902
902-1	basculegion-f	3	1254
903-0	sneasler	3	903
904-0	overqwil	3	904
905-0	enamorus	3	905
905-1	enamorus-therian	3	1255
906-0	sprigatito	3	906
907-0	floragato	3	907
908-0	meowscarada	3	908
909-0	fuecoco	3	909
910-0	crocalor	3	910
911-0	skeledirge	3	911
912-0	quaxly	3	912
913-0	quaxwell	3	913
914-0	quaquaval	3	914
915-0	lechonk	3	915
916-0	oinkologne	3	916
916-1	oinkologne-f	3	1260
917-0	tarountula	3	917
918-0	spidops	3	918
919-0	nymble	3	919
920-0	lokix	3	920
921-0	pawmi	3	921
922-0	pawmo	3	922
923-0	pawmot	3	923
924-0	tandemaus	3	924
925-0	maushold	3	925
925-1	maushold-four	3	1262
926-0	fidough	3	926
927-0	dachsbun	3	927
928-0	smoliv	3	928
929-0	dolliv	3	929
930-0	arboliva	3	930
931-0	squawkabilly	3	931
931-1	squawkabilly-blue	3	1265
931-2	squawkabilly-yellow	3	1266
931-3	squawkabilly-white	3	1267
932-0	nacli	3	932
933-0	naclstack	3	933
934-0	garganacl	3	934
935-0	charcadet	3	935
936-0	armarouge	3	936
937-0	ceruledge	3	937
938-0	tadbulb	3	938
939-0	bellibolt	3	939
940-0	wattrel	3	940
941-0	kilowattrel	3	941
942-0	maschiff	3	942
943-0	mabosstiff	3	943
944-0	shroodle	3	944
945-0	grafaiai	3	945
946-0	bramblin	3	946
947-0	brambleghast	3	947
948-0	toedscool	3	948
949-0	toedscruel	3	949
950-0	klawf	3	950
951-0	capsakid	3	951
952-0	scovillain	3	952
952-1	scovillain-mega	3	1446
953-0	rellor	3	953
954-0	rabsca	3	954
955-0	flittle	3	955
956-0	espathra	3	956
957-0	tinkatink	3	957
958-0	tinkatuff	3	958
959-0	tinkaton	3	959
960-0	wiglett	3	960
961-0	wugtrio	3	961
962-0	bombirdier	3	962
963-0	finizen	3	963
964-0	palafin	3	964
964-1	palafin-hero	3	1261
965-0	varoom	3	965
966-0	revavroom	3	966
967-0	cyclizar	3	967
968-0	orthworm	3	968
969-0	glimmet	3	969
970-0	glimmora	3	970
970-1	glimmora-mega	3	1447
971-0	greavard	3	971
972-0	houndstone	3	972
973-0	flamigo	3	973
974-0	cetoddle	3	974
975-0	cetitan	3	975
976-0	veluza	3	976
977-0	dondozo	3	977
978-0	tatsugiri	3	978
978-1	tatsugiri-droopy	3	1263
978-2	tatsugiri-stretchy	3	1264
978-3	tatsugiri-curlymega	0	1448
978-4	tatsugiri-droopymega	0	1449
978-5	tatsugiri-stretchymega	0	1450
979-0	annihilape	3	979
980-0	clodsire	3	980
981-0	farigiraf	3	981
982-0	dudunsparce	3	982
982-1	dudunsparce-threesegment	3	982
983-0	kingambit	3	983
984-0	greattusk	3	984
985-0	screamtail	3	985
986-0	brutebonnet	3	986
987-0	fluttermane	3	987
988-0	slitherwing	3	988
989-0	sandyshocks	3	989
990-0	irontreads	3	990
991-0	ironbundle	3	991
992-0	ironhands	3	992
993-0	ironjugulis	3	993
994-0	ironmoth	3	994
995-0	ironthorns	3	995
996-0	frigibax	3	996
997-0	arctibax	3	997
998-0	baxcalibur	3	998
998-1	baxcalibur-mega	3	1451
999-0	gimmighoul	3	999
999-1	gimmighoul-roaming	3	1268
1000-0	gholdengo	3	1000
1001-0	wochien	3	1001
1002-0	chienpao	3	1002
1003-0	tinglu	3	1003
1004-0	chiyu	3	1004
1005-0	roaringmoon	3	1005
1006-0	ironvaliant	3	1006
1007-0	koraidon	3	1007
1007-1	koraidon	3	1007
1007-2	koraidon	3	1007
1007-3	koraidon	3	1007
1007-4	koraidon	3	1007
1008-0	miraidon	3	1008
1008-1	miraidon	3	1008
1008-2	miraidon	3	1008
1008-3	miraidon	3	1008
1008-4	miraidon	3	1008
1009-0	walkingwake	3	1009
1010-0	ironleaves	3	1010
1011-0	dipplin	3	1011
1012-0	poltchageist	3	1012
1012-1	poltchageist-artisan	3	1012
1013-0	sinistcha	3	1013
1013-1	sinistcha-masterpiece	3	1013
1014-0	okidogi	3	1014
1015-0	munkidori	3	1015
1016-0	fezandipiti	3	1016
1017-0	ogerpon	3	1017
1017-1	ogerpon-wellspring	3	1273
1017-2	ogerpon-hearthflame	3	1274
1017-3	ogerpon-cornerstone	3	1275
1017-4	ogerpon-tealtera	3	1017
1017-5	ogerpon-wellspringtera	3	1273
1017-6	ogerpon-hearthflametera	3	1274
1017-7	ogerpon-cornerstonetera	3	1275
1018-0	archaludon	3	1018
1019-0	hydrapple	3	1019
1020-0	gougingfire	3	1020
1021-0	ragingbolt	3	1021
1022-0	ironboulder	3	1022
1023-0	ironcrown	3	1023
1024-0	terapagos	3	1024
1024-1	terapagos-terastal	3	1276
1024-2	terapagos-stellar	3	1277
1025-0	pecharunt	3	1025
